{
    "type": "machine_model",
    "name": "Kingroon KP3S 3.0",
    "model_id": "Kingroon KP3S 3.0",
    "nozzle_diameter": "0.4",
    "machine_tech": "FFF",
    "family": "Kingroon",
    "bed_model": "kp3s_bed.stl",
    "bed_texture": "Kingroon_buildplate.png",
    "hotend_model": "",
    "default_materials": "Generic ABS @System;Generic PLA @System;Generic PLA-CF @System;Generic PETG @System;Generic TPU @System;Generic ASA @System;Generic PC @System;Generic PVA @System;Generic PA @System;Generic PA-CF @System"
}