{
    "type": "filament",
    "name": "eSUN PETG @base",
    "inherits": "fdm_filament_pet",
    "from": "system",
    "filament_id": "ESN03",
    "instantiation": "false",
    "filament_vendor": [
        "eSUN"
    ],
    "filament_density": [
        "1.27"
    ],
    "filament_flow_ratio": [
        "0.98"
    ],
    "filament_max_volumetric_speed": [
        "20"
    ],
    "fan_max_speed": [
        "100"
    ],
    "fan_min_speed": [
        "30"
    ],
    "nozzle_temperature": [
        "240"
    ],
    "nozzle_temperature_initial_layer": [
        "240"
    ],
    "nozzle_temperature_range_high": [
        "250"
    ],
    "nozzle_temperature_range_low": [
        "230"
    ],
    "temperature_vitrification": [
        "64"
    ],
    "hot_plate_temp": [
        "65"
    ],
    "hot_plate_temp_initial_layer": [
        "65"
    ],
    "textured_plate_temp": [
        "65"
    ],
    "textured_plate_temp_initial_layer": [
        "65"
    ],
    "compatible_printers": []
}