{
    "type": "filament",
    "name": "Generic PLA @MyToolChanger",
    "renamed_from": "My Generic PLA @MyToolChanger",
    "inherits": "Generic PLA @System",
    "from": "system",
    "setting_id": "GFL99_MTC_0",
    "filament_id": "GFL99",
    "instantiation": "true",
    "filament_cooling_final_speed": [
        "3.5"
    ],
    "filament_cooling_initial_speed": [
        "10"
    ],
    "filament_cooling_moves": [
        "2"
    ],
    "filament_load_time": [
        "10.5"
    ],
    "filament_loading_speed": [
        "10"
    ],
    "filament_loading_speed_start": [
        "50"
    ],
    "filament_multitool_ramming": [
        "1"
    ],
    "filament_multitool_ramming_flow": [
        "40"
    ],
    "filament_stamping_distance": [
        "45"
    ],
    "filament_stamping_loading_speed": [
        "29"
    ],
    "filament_unload_time": [
        "8.5"
    ],
    "filament_unloading_speed": [
        "100"
    ],
    "compatible_printers": [
        "MyToolChanger 0.4 nozzle",
        "MyToolChanger 0.2 nozzle",
        "MyToolChanger 0.6 nozzle",
        "MyToolChanger 0.8 nozzle"
    ]
}