{
    "type": "filament",
    "name": "Overture Air PLA @base",
    "inherits": "fdm_filament_pla",
    "from": "system",
    "filament_id": "GFOT006",
    "instantiation": "false",
    "filament_cost": [
        "27.99"
    ],
    "filament_density": [
        "0.82"
    ],
    "filament_flow_ratio": [
        "0.95"
    ],
    "filament_max_volumetric_speed": [
        "8"
    ],
    "filament_vendor": [
        "Overture"
    ],
    "nozzle_temperature": [
        "220"
    ],
    "nozzle_temperature_initial_layer": [
        "220"
    ],
    "nozzle_temperature_range_high": [
        "220"
    ],
    "nozzle_temperature_range_low": [
        "190"
    ],
    "slow_down_layer_time": [
        "4"
    ],
    "temperature_vitrification": [
        "64"
    ]
}