{
    "type": "filament",
    "name": "Overture Matte PLA @base",
    "inherits": "fdm_filament_pla",
    "from": "system",
    "filament_id": "OGFL05",
    "instantiation": "false",
    "filament_cost": [
        "24.52"
    ],
    "filament_density": [
        "1.22"
    ],
    "filament_flow_ratio": [
        "0.98"
    ],
    "filament_max_volumetric_speed": [
        "12"
    ],
    "filament_vendor": [
        "Overture"
    ],
    "slow_down_layer_time": [
        "6"
    ]
}