{
    "type": "filament",
    "name": "Overture ASA @base",
    "inherits": "fdm_filament_asa",
    "from": "system",
    "filament_id": "GFOT009",
    "instantiation": "false",
    "fan_cooling_layer_time": [
        "45"
    ],
    "fan_max_speed": [
        "60"
    ],
    "fan_min_speed": [
        "10"
    ],
    "filament_cost": [
        "29.99"
    ],
    "filament_density": [
        "1.14"
    ],
    "filament_flow_ratio": [
        "0.95"
    ],
    "filament_max_volumetric_speed": [
        "10"
    ],
    "filament_vendor": [
        "Overture"
    ],
    "hot_plate_temp": [
        "100"
    ],
    "hot_plate_temp_initial_layer": [
        "100"
    ],
    "nozzle_temperature": [
        "270"
    ],
    "nozzle_temperature_initial_layer": [
        "270"
    ],
    "nozzle_temperature_range_high": [
        "270"
    ],
    "nozzle_temperature_range_low": [
        "240"
    ],
    "slow_down_layer_time": [
        "2"
    ],
    "temperature_vitrification": [
        "106"
    ],
    "textured_plate_temp": [
        "100"
    ],
    "textured_plate_temp_initial_layer": [
        "100"
    ]
}