{
    "compatible_printers": [
        "Kingroon KP3S PRO S1 0.4 nozzle"
    ],
    "filament_max_volumetric_speed": [
        "20"
    ],
    "filament_settings_id": [
        "Generic PLA @System - Copy"
    ],
    "from": "User",
    "hot_plate_temp": [
        "60"
    ],
    "hot_plate_temp_initial_layer": [
        "65"
    ],
    "inherits": "Generic PLA @System",
    "is_custom_defined": "0",
    "name": "Generic PLA @System - Copy",
    "nozzle_temperature": [
        "200"
    ],
    "nozzle_temperature_initial_layer": [
        "210"
    ],
    "slow_down_layer_time": [
        "1"
    ],
    "slow_down_min_speed": [
        "70"
    ],
    "version": "2.3.0.3"
}
