{
    "type": "process",
    "name": "fdm_process_common",
    "from": "system",
    "instantiation": "false",
    "adaptive_layer_height": "0",
    "reduce_crossing_wall": "0",
    "max_travel_detour_distance": "0",
    "bottom_surface_pattern": "monotonic",
    "bottom_shell_thickness": "0",
    "bridge_speed": "50",
    "brim_width": "5",
    "brim_object_gap": "0.1",
    "compatible_printers": [],
    "compatible_printers_condition": "",
    "print_sequence": "by layer",
    "default_acceleration": "1000",
    "initial_layer_acceleration": "500",
    "top_surface_acceleration": "1000",
    "travel_acceleration": "1000",
    "inner_wall_acceleration": "1000",
    "outer_wall_acceleration": "700",
    "bridge_no_support": "0",
    "draft_shield": "disabled",
    "elefant_foot_compensation": "0",
    "enable_arc_fitting": "0",
    "wall_infill_order": "inner wall/outer wall/infill",
    "infill_direction": "45",
    "sparse_infill_density": "15%",
    "sparse_infill_pattern": "crosshatch",
    "initial_layer_print_height": "0.2",
    "infill_combination": "0",
    "infill_wall_overlap": "25%",
    "interface_shells": "0",
    "ironing_flow": "10%",
    "ironing_spacing": "0.15",
    "ironing_speed": "30",
    "ironing_type": "no ironing",
    "reduce_infill_retraction": "1",
    "filename_format": "{input_filename_base}_{layer_height}mm_{filament_type[initial_tool]}_{printer_model}_{print_time}.gcode",
    "detect_overhang_wall": "1",
    "slowdown_for_curled_perimeters": "1",
    "overhang_1_4_speed": "0",
    "overhang_2_4_speed": "50",
    "overhang_3_4_speed": "30",
    "overhang_4_4_speed": "10",
    "line_width": "110%",
    "inner_wall_line_width": "110%",
    "outer_wall_line_width": "100%",
    "top_surface_line_width": "93.75%",
    "sparse_infill_line_width": "110%",
    "initial_layer_line_width": "120%",
    "internal_solid_infill_line_width": "120%",
    "support_line_width": "96%",
    "wall_loops": "3",
    "print_settings_id": "",
    "raft_layers": "0",
    "seam_position": "aligned",
    "skirt_distance": "2",
    "skirt_height": "3",
    "min_skirt_length": "4",
    "skirt_loops": "0",
    "minimum_sparse_infill_area": "15",
    "spiral_mode": "0",
    "standby_temperature_delta": "-5",
    "enable_support": "0",
    "resolution": "0.012",
    "support_type": "normal(auto)",
    "support_on_build_plate_only": "0",
    "support_top_z_distance": "0.2",
    "support_bottom_z_distance": "0.2",
    "support_filament": "0",
    "support_interface_loop_pattern": "0",
    "support_interface_filament": "0",
    "support_interface_top_layers": "2",
    "support_interface_bottom_layers": "2",
    "support_interface_spacing": "0.5",
    "support_interface_speed": "80",
    "support_base_pattern": "default",
    "support_base_pattern_spacing": "2.5",
    "support_speed": "150",
    "support_threshold_angle": "30",
    "support_object_xy_distance": "0.35",
    "tree_support_branch_angle": "30",
    "tree_support_wall_count": "0",
    "tree_support_with_infill": "0",
    "detect_thin_wall": "0",
    "top_surface_pattern": "monotonicline",
    "top_shell_thickness": "0.8",
    "enable_prime_tower": "0",
    "wipe_tower_no_sparse_layers": "0",
    "prime_tower_width": "60",
    "xy_hole_compensation": "0",
    "xy_contour_compensation": "0",
    "layer_height": "0.2",
    "bottom_shell_layers": "3",
    "top_shell_layers": "4",
    "bridge_flow": "1",
    "initial_layer_speed": "45",
    "initial_layer_infill_speed": "45",
    "outer_wall_speed": "45",
    "inner_wall_speed": "80",
    "sparse_infill_speed": "150",
    "internal_solid_infill_speed": "150",
    "top_surface_speed": "50",
    "gap_infill_speed": "30",
    "travel_speed": "200"
}