{
    "type": "filament",
    "name": "FDplast HIPS @base",
    "inherits": "fdm_filament_hips",
    "from": "system",
    "filament_id": "FDPLAST02",
    "instantiation": "false",
    "description": "When printing this filament, there's a risk of warping and low layer adhesion strength. To get better results, please refer to this wiki: Printing Tips for High Temp / Engineering materials.",
    "filament_cost": [
        "11"
    ],
    "filament_density": [
        "1.26"
    ],
    "filament_flow_ratio": [
        "0.98"
    ],
    "filament_vendor": [
        "FDplast"
    ],
    "nozzle_temperature": [
        "250"
    ],
    "nozzle_temperature_initial_layer": [
        "250"
    ],
    "nozzle_temperature_range_high": [
        "270"
    ],
    "nozzle_temperature_range_low": [
        "250"
    ],
    "hot_plate_temp": [
        "110"
    ],
    "hot_plate_temp_initial_layer": [
        "110"
    ],
    "textured_plate_temp": [
        "110"
    ],
    "textured_plate_temp_initial_layer": [
        "110"
    ]
}