{
    "type": "filament",
    "name": "FDplast SBS @base",
    "inherits": "fdm_filament_sbs",
    "from": "system",
    "filament_id": "FDPLAST05",
    "instantiation": "false",
    "description": "When printing this filament, there's a risk of warping and low layer adhesion strength. To get better results, please refer to this wiki: Printing Tips for High Temp / Engineering materials.",
    "filament_cost": [
        "27"
    ],
    "filament_density": [
        "1.26"
    ],
    "filament_flow_ratio": [
        "0.98"
    ],
    "filament_vendor": [
        "FDplast"
    ],
    "nozzle_temperature": [
        "230"
    ],
    "nozzle_temperature_initial_layer": [
        "230"
    ],
    "nozzle_temperature_range_high": [
        "240"
    ],
    "nozzle_temperature_range_low": [
        "225"
    ],
    "hot_plate_temp": [
        "80"
    ],
    "hot_plate_temp_initial_layer": [
        "80"
    ],
    "textured_plate_temp": [
        "80"
    ],
    "textured_plate_temp_initial_layer": [
        "80"
    ]
}