{
    "type": "filament",
    "name": "Valment PLA Silk @base",
    "inherits": "fdm_filament_pla",
    "from": "system",
    "filament_id": "VLMNT02",
    "instantiation": "false",
    "filament_cost": [
        "710"
    ],
    "filament_type": [
        "PLA"
    ],
    "filament_density": [
        "1.24"
    ],
    "default_filament_colour": [
        "#124943"
    ],
    "filament_flow_ratio": [
        "0.98"
    ],
    "filament_max_volumetric_speed": [
        "7.5"
    ],
    "filament_vendor": [
        "Valment"
    ],
    "slow_down_layer_time": [
        "6"
    ],
    "nozzle_temperature": [
        "240"
    ],
    "nozzle_temperature_initial_layer": [
        "245"
    ],
    "nozzle_temperature_range_low": [
        "220"
    ],
    "nozzle_temperature_range_high": [
        "250"
    ],
    "filament_notes": [
        "Bu filament ayarları GlauTech tarafından oluşturulmuştur. Filamentin daha verimli çalışması için, slicerdaki kalibrasyon ayarlarının tek tek yapılması önemlidir. Kalibrasyon ayarları için, GlauTech youtube kanalından destek alabilirsiniz.\n\nBoş Makara Ağırlığı: 150gr"
    ],
    "slow_down_min_speed": [
        "20"
    ],
    "complete_print_exhaust_fan_speed": [
        "80"
    ],
    "during_print_exhaust_fan_speed": [
        "60"
    ],
    "additional_cooling_fan_speed": [
        "100"
    ]
}