{
    "type": "filament",
    "name": "NIT PETG @base",
    "inherits": "fdm_filament_pet",
    "from": "system",
    "filament_id": "NIT03",
    "instantiation": "false",
    "description": "When printing this filament, there's a risk of warping and low layer adhesion strength. To get better results, please refer to this wiki: Printing Tips for High Temp / Engineering materials.",
    "filament_cost": [
        "12"
    ],
    "default_filament_colour": [
        ""
    ],
    "filament_vendor": [
        "NIT"
    ],
    "filament_density": [
        "1.27"
    ],
    "filament_flow_ratio": [
        "0.98"
    ],
    "filament_max_volumetric_speed": [
        "20"
    ],
    "fan_max_speed": [
        "100"
    ],
    "fan_min_speed": [
        "30"
    ],
    "nozzle_temperature": [
        "240"
    ],
    "nozzle_temperature_initial_layer": [
        "245"
    ],
    "nozzle_temperature_range_high": [
        "250"
    ],
    "nozzle_temperature_range_low": [
        "230"
    ],
    "hot_plate_temp": [
        "80"
    ],
    "hot_plate_temp_initial_layer": [
        "80"
    ],
    "textured_plate_temp": [
        "80"
    ],
    "textured_plate_temp_initial_layer": [
        "80"
    ],
    "compatible_printers": []
}