{
    "brim_type": "no_brim",
    "enable_support": "0",
    "from": "User",
    "gap_infill_speed": "120",
    "inherits": "0.20mm Standard @Kingroon KP3S PRO S1",
    "inner_wall_acceleration": "3000",
    "inner_wall_speed": "120",
    "internal_solid_infill_speed": "120",
    "is_custom_defined": "0",
    "layer_height": "0.3",
    "name": "0.20mm Standard @Kingroon KP3S PRO S1 - normal",
    "outer_wall_speed": "100",
    "print_settings_id": "0.20mm Standard @Kingroon KP3S PRO S1 - normal",
    "skirt_loops": "0",
    "sparse_infill_speed": "120",
    "support_type": "normal(auto)",
    "travel_acceleration": "5000",
    "travel_speed": "250",
    "version": "2.1.0.1",
    "wall_sequence": "inner-outer-inner wall"
}
