{
    "type": "filament",
    "name": "AliZ PLA @base",
    "inherits": "fdm_filament_pla",
    "from": "system",
    "filament_id": "AliZ002",
    "instantiation": "false",
    "enable_pressure_advance": [
        "0"
    ],
    "fan_cooling_layer_time": [
        "100"
    ],
    "filament_cost": [
        "69"
    ],
    "filament_density": [
        "1.27"
    ],
    "filament_vendor": [
        "Aliz"
    ],
    "filament_wipe_distance": [
        "0"
    ],
    "hot_plate_temp": [
        "55"
    ],
    "hot_plate_temp_initial_layer": [
        "55"
    ],
    "pressure_advance": [
        "0.025"
    ],
    "slow_down_layer_time": [
        "4"
    ],
    "textured_plate_temp": [
        "55"
    ],
    "textured_plate_temp_initial_layer": [
        "55"
    ]
}