{
    "type": "filament",
    "name": "AliZ PETG-CF @base",
    "inherits": "AliZ PETG @base",
    "from": "system",
    "filament_id": "AZ01-1",
    "instantiation": "false",
    "fan_cooling_layer_time": [
        "30"
    ],
    "overhang_fan_speed": [
        "100"
    ],
    "close_fan_the_first_x_layers": [
        "2"
    ],
    "enable_pressure_advance": [
        "0"
    ],
    "pressure_advance": [
        "0.033"
    ],
    "fan_max_speed": [
        "35"
    ],
    "fan_min_speed": [
        "10"
    ],
    "filament_cost": [
        "49.9"
    ],
    "filament_flow_ratio": [
        "1"
    ],
    "filament_max_volumetric_speed": [
        "10"
    ],
    "filament_type": [
        "PETG-CF"
    ],
    "filament_vendor": [
        "Aliz"
    ],
    "hot_plate_temp": [
        "79"
    ],
    "hot_plate_temp_initial_layer": [
        "79"
    ],
    "nozzle_temperature": [
        "275"
    ],
    "nozzle_temperature_initial_layer": [
        "275"
    ],
    "nozzle_temperature_range_high": [
        "290"
    ],
    "nozzle_temperature_range_low": [
        "260"
    ],
    "overhang_fan_threshold": [
        "25%"
    ],
    "slow_down_min_speed": [
        "10"
    ],
    "textured_plate_temp": [
        "70"
    ],
    "textured_plate_temp_initial_layer": [
        "70"
    ]
}