{
    "from": "User",
    "gcode_flavor": "klipper",
    "inherits": "Kingroon KP3S PRO S1 0.4 nozzle",
    "is_custom_defined": "0",
    "machine_start_gcode": "G90 ; use absolute coordinates\nM83 ; extruder relative mode\nM204 S[machine_max_acceleration_extruding] T[machine_max_acceleration_retracting]\nM104 S[first_layer_temperature] ; set extruder temp\nM140 S[first_layer_bed_temperature] ; set bed temp\nG28 ; home all\nG1 Y1.0 Z0.3 F1000 ; move print head up\nM190 S[first_layer_bed_temperature] ; wait for bed temp\nBED_MESH_CALIBRATE ADAPTIVE=1\nM109 S[first_layer_temperature] ; wait for extruder temp\nG92 E0.0\n; initial load\n M117 Purge extruder\n G1 X2 Y20 Z0.3 F5000.0 ; move to start-line position\n G1 X2 Y175.0 Z0.3 F1500.0 E15 ; draw 1st line\n G1 X2 Y175.0 Z0.4 F5000.0 ; move to side a little\n G1 X2 Y20 Z0.4 F1500.0 E30 ; draw 2nd line\n G92 E0 ; reset extruder\n G1 Z1.0 F3000 ; move z up little to prevent scratching of surface",
    "name": "Kingroon KP3S PRO S1 0.4 nozzle - Copy",
    "print_host": "192.168.70.50",
    "printer_settings_id": "Kingroon KP3S PRO S1 0.4 nozzle - Copy",
    "printhost_apikey": "3f0d58b57b1f405888fc986796e24db7",
    "version": "2.1.0.1"
}
