{
    "type": "filament",
    "name": "SUNLU PLA Matte @base",
    "inherits": "fdm_filament_pla",
    "from": "system",
    "filament_id": "OGFSNL02",
    "instantiation": "false",
    "filament_cost": [
        "25.99"
    ],
    "filament_density": [
        "1.3"
    ],
    "filament_flow_ratio": [
        "0.98"
    ],
    "filament_long_retractions_when_cut": [
        "1"
    ],
    "filament_retraction_distances_when_cut": [
        "18"
    ],
    "filament_max_volumetric_speed": [
        "12"
    ],
    "filament_vendor": [
        "SUNLU"
    ],
    "filament_scarf_seam_type": [
        "none"
    ],
    "filament_scarf_height": [
        "5%"
    ],
    "filament_scarf_gap": [
        "0%"
    ],
    "filament_scarf_length": [
        "10"
    ],
    "temperature_vitrification": [
        "54"
    ],
    "nozzle_temperature_range_high": [
        "245"
    ],
    "nozzle_temperature_range_low": [
        "205"
    ]
}