{
    "type": "filament",
    "name": "SUNLU Silk PLA+ @base",
    "inherits": "fdm_filament_pla",
    "from": "system",
    "filament_id": "OGFSNL05",
    "instantiation": "false",
    "description": "To make the prints get higher gloss, please dry the filament before use, and set the outer wall speed to be 40 to 60 mm/s when slicing.",
    "filament_cost": [
        "29.99"
    ],
    "filament_density": [
        "1.25"
    ],
    "filament_flow_ratio": [
        "0.98"
    ],
    "filament_long_retractions_when_cut": [
        "1"
    ],
    "filament_retraction_distances_when_cut": [
        "18"
    ],
    "filament_max_volumetric_speed": [
        "12"
    ],
    "filament_vendor": [
        "SUNLU"
    ],
    "filament_scarf_height": [
        "5%"
    ],
    "filament_scarf_gap": [
        "0%"
    ],
    "nozzle_temperature": [
        "230"
    ],
    "nozzle_temperature_initial_layer": [
        "230"
    ],
    "supertack_plate_temp": [
        "0"
    ],
    "supertack_plate_temp_initial_layer": [
        "0"
    ],
    "temperature_vitrification": [
        "54"
    ]
}