{
    "type": "filament",
    "name": "Bambu ASA @base",
    "inherits": "fdm_filament_asa",
    "from": "system",
    "filament_id": "OGFB01",
    "instantiation": "false",
    "description": "When printing this filament, there's a risk of warping and low layer adhesion strength. To get better results, please refer to this wiki: Printing Tips for High Temp / Engineering materials.",
    "eng_plate_temp": [
        "100"
    ],
    "eng_plate_temp_initial_layer": [
        "100"
    ],
    "fan_max_speed": [
        "35"
    ],
    "filament_cost": [
        "31.99"
    ],
    "filament_density": [
        "1.05"
    ],
    "filament_flow_ratio": [
        "0.95"
    ],
    "filament_max_volumetric_speed": [
        "12"
    ],
    "filament_vendor": [
        "Bambu Lab"
    ],
    "hot_plate_temp": [
        "100"
    ],
    "hot_plate_temp_initial_layer": [
        "100"
    ],
    "nozzle_temperature": [
        "270"
    ],
    "nozzle_temperature_initial_layer": [
        "270"
    ],
    "slow_down_layer_time": [
        "12"
    ],
    "textured_plate_temp": [
        "100"
    ],
    "textured_plate_temp_initial_layer": [
        "100"
    ]
}