{
    "type": "filament",
    "name": "Bambu PLA-CF @System",
    "inherits": "Bambu PLA-CF @base",
    "from": "system",
    "setting_id": "OGFSA50_01",
    "instantiation": "true",
    "filament_long_retractions_when_cut": [
        "1"
    ],
    "filament_max_volumetric_speed": [
        "15"
    ],
    "filament_retraction_distances_when_cut": [
        "18"
    ],
    "nozzle_temperature": [
        "230"
    ],
    "nozzle_temperature_initial_layer": [
        "230"
    ],
    "compatible_printers": []
}