{
    "type": "filament",
    "name": "Bambu PLA Basic @base",
    "inherits": "fdm_filament_pla",
    "from": "system",
    "filament_id": "OGFA00",
    "instantiation": "false",
    "filament_cost": [
        "24.99"
    ],
    "filament_density": [
        "1.26"
    ],
    "filament_flow_ratio": [
        "0.98"
    ],
    "filament_max_volumetric_speed": [
        "12"
    ],
    "filament_vendor": [
        "Bambu Lab"
    ],
    "filament_scarf_seam_type": [
        "none"
    ],
    "filament_scarf_height": [
        "10%"
    ],
    "filament_scarf_gap": [
        "0%"
    ],
    "filament_scarf_length": [
        "10"
    ]
}