{
    "type": "filament",
    "name": "Bambu PETG-CF @base",
    "inherits": "fdm_filament_pet",
    "from": "system",
    "filament_id": "OGFG50",
    "instantiation": "false",
    "cool_plate_temp": [
        "0"
    ],
    "cool_plate_temp_initial_layer": [
        "0"
    ],
    "eng_plate_temp": [
        "70"
    ],
    "eng_plate_temp_initial_layer": [
        "70"
    ],
    "fan_max_speed": [
        "30"
    ],
    "fan_min_speed": [
        "0"
    ],
    "filament_cost": [
        "34.99"
    ],
    "filament_density": [
        "1.25"
    ],
    "filament_flow_ratio": [
        "0.95"
    ],
    "filament_max_volumetric_speed": [
        "12"
    ],
    "filament_type": [
        "PETG-CF"
    ],
    "filament_vendor": [
        "Bambu Lab"
    ],
    "hot_plate_temp": [
        "70"
    ],
    "hot_plate_temp_initial_layer": [
        "70"
    ],
    "nozzle_temperature_range_high": [
        "270"
    ],
    "nozzle_temperature_range_low": [
        "240"
    ],
    "overhang_fan_speed": [
        "90"
    ],
    "overhang_fan_threshold": [
        "10%"
    ],
    "required_nozzle_HRC": [
        "40"
    ],
    "slow_down_layer_time": [
        "6"
    ],
    "temperature_vitrification": [
        "70"
    ],
    "textured_plate_temp": [
        "70"
    ],
    "textured_plate_temp_initial_layer": [
        "70"
    ]
}