{
    "type": "filament",
    "name": "Bambu PLA Metal @base",
    "inherits": "fdm_filament_pla",
    "from": "system",
    "filament_id": "OGFA02",
    "instantiation": "false",
    "description": "To make the prints get higher gloss, please dry the filament before use, and set the outer wall speed to be 40 to 60 mm/s when slicing.",
    "filament_cost": [
        "29.99"
    ],
    "filament_density": [
        "1.25"
    ],
    "filament_flow_ratio": [
        "0.98"
    ],
    "filament_vendor": [
        "Bambu Lab"
    ],
    "filament_scarf_seam_type": [
        "none"
    ]
}