{
    "type": "filament",
    "name": "Bambu PET-CF @base",
    "inherits": "fdm_filament_pet",
    "from": "system",
    "filament_id": "OGFT01",
    "instantiation": "false",
    "description": "When printing this filament, there's a risk of nozzle clogging, oozing, warping and low layer adhesion strength. To get better results, please refer to this wiki: Printing Tips for High Temp / Engineering materials.",
    "cool_plate_temp": [
        "0"
    ],
    "cool_plate_temp_initial_layer": [
        "0"
    ],
    "eng_plate_temp": [
        "80"
    ],
    "eng_plate_temp_initial_layer": [
        "80"
    ],
    "fan_cooling_layer_time": [
        "5"
    ],
    "fan_max_speed": [
        "30"
    ],
    "fan_min_speed": [
        "10"
    ],
    "filament_cost": [
        "84.99"
    ],
    "filament_density": [
        "1.29"
    ],
    "filament_max_volumetric_speed": [
        "8"
    ],
    "filament_type": [
        "PET-CF"
    ],
    "filament_vendor": [
        "Bambu Lab"
    ],
    "hot_plate_temp": [
        "100"
    ],
    "hot_plate_temp_initial_layer": [
        "100"
    ],
    "nozzle_temperature": [
        "270"
    ],
    "nozzle_temperature_initial_layer": [
        "270"
    ],
    "nozzle_temperature_range_high": [
        "290"
    ],
    "nozzle_temperature_range_low": [
        "260"
    ],
    "overhang_fan_speed": [
        "40"
    ],
    "overhang_fan_threshold": [
        "0%"
    ],
    "required_nozzle_HRC": [
        "40"
    ],
    "supertack_plate_temp": [
        "80"
    ],
    "supertack_plate_temp_initial_layer": [
        "80"
    ],
    "slow_down_layer_time": [
        "2"
    ],
    "temperature_vitrification": [
        "185"
    ],
    "textured_plate_temp": [
        "100"
    ],
    "textured_plate_temp_initial_layer": [
        "100"
    ]
}