{
    "type": "filament",
    "name": "Bambu ASA-CF @base",
    "inherits": "fdm_filament_asa",
    "from": "system",
    "filament_id": "OGFB51",
    "instantiation": "false",
    "eng_plate_temp": [
        "100"
    ],
    "eng_plate_temp_initial_layer": [
        "100"
    ],
    "fan_max_speed": [
        "25"
    ],
    "filament_cost": [
        "36.99"
    ],
    "filament_density": [
        "1.02"
    ],
    "filament_flow_ratio": [
        "0.9"
    ],
    "filament_max_volumetric_speed": [
        "12"
    ],
    "filament_type": [
        "ASA-CF"
    ],
    "filament_vendor": [
        "Bambu Lab"
    ],
    "hot_plate_temp": [
        "100"
    ],
    "hot_plate_temp_initial_layer": [
        "100"
    ],
    "nozzle_temperature": [
        "275"
    ],
    "nozzle_temperature_initial_layer": [
        "275"
    ],
    "nozzle_temperature_range_low": [
        "250"
    ],
    "slow_down_layer_time": [
        "12"
    ],
    "temperature_vitrification": [
        "108"
    ],
    "textured_plate_temp": [
        "100"
    ],
    "textured_plate_temp_initial_layer": [
        "100"
    ]
}