{
    "type": "filament",
    "name": "Bambu PLA Wood @base",
    "inherits": "fdm_filament_pla",
    "from": "system",
    "filament_id": "OGFA16",
    "instantiation": "false",
    "filament_cost": [
        "24.99"
    ],
    "filament_density": [
        "1.21"
    ],
    "filament_flow_ratio": [
        "0.98"
    ],
    "filament_long_retractions_when_cut": [
        "1"
    ],
    "filament_max_volumetric_speed": [
        "12"
    ],
    "filament_retraction_distances_when_cut": [
        "18"
    ],
    "filament_scarf_seam_type": [
        "none"
    ],
    "filament_vendor": [
        "Bambu Lab"
    ]
}