{
    "type": "filament",
    "name": "Fiberon PET-CF @base",
    "inherits": "fdm_filament_pet",
    "from": "system",
    "filament_id": "OGFL54",
    "instantiation": "false",
    "cool_plate_temp": [
        "0"
    ],
    "cool_plate_temp_initial_layer": [
        "0"
    ],
    "eng_plate_temp": [
        "70"
    ],
    "eng_plate_temp_initial_layer": [
        "70"
    ],
    "fan_cooling_layer_time": [
        "242"
    ],
    "fan_min_speed": [
        "0"
    ],
    "filament_cost": [
        "89.99"
    ],
    "filament_density": [
        "1.34"
    ],
    "filament_flow_ratio": [
        "0.95"
    ],
    "filament_max_volumetric_speed": [
        "12"
    ],
    "filament_type": [
        "PET-CF"
    ],
    "filament_vendor": [
        "Polymaker"
    ],
    "hot_plate_temp": [
        "70"
    ],
    "hot_plate_temp_initial_layer": [
        "70"
    ],
    "nozzle_temperature": [
        "300"
    ],
    "nozzle_temperature_initial_layer": [
        "300"
    ],
    "nozzle_temperature_range_high": [
        "300"
    ],
    "nozzle_temperature_range_low": [
        "270"
    ],
    "required_nozzle_HRC": [
        "40"
    ],
    "supertack_plate_temp": [
        "80"
    ],
    "supertack_plate_temp_initial_layer": [
        "80"
    ],
    "slow_down_layer_time": [
        "5"
    ],
    "slow_down_min_speed": [
        "10"
    ],
    "temperature_vitrification": [
        "147"
    ],
    "textured_plate_temp": [
        "70"
    ],
    "textured_plate_temp_initial_layer": [
        "70"
    ]
}