{
    "type": "filament",
    "name": "Fiberon PETG-ESD @base",
    "inherits": "fdm_filament_pet",
    "from": "system",
    "filament_id": "OGFL06",
    "instantiation": "false",
    "cool_plate_temp": [
        "0"
    ],
    "cool_plate_temp_initial_layer": [
        "0"
    ],
    "eng_plate_temp": [
        "60"
    ],
    "eng_plate_temp_initial_layer": [
        "60"
    ],
    "fan_cooling_layer_time": [
        "15"
    ],
    "fan_min_speed": [
        "0"
    ],
    "filament_cost": [
        "0"
    ],
    "filament_density": [
        "1.24"
    ],
    "filament_flow_ratio": [
        "0.95"
    ],
    "filament_max_volumetric_speed": [
        "12"
    ],
    "filament_vendor": [
        "Polymaker"
    ],
    "hot_plate_temp": [
        "60"
    ],
    "hot_plate_temp_initial_layer": [
        "60"
    ],
    "nozzle_temperature": [
        "290"
    ],
    "nozzle_temperature_initial_layer": [
        "290"
    ],
    "nozzle_temperature_range_high": [
        "290"
    ],
    "nozzle_temperature_range_low": [
        "250"
    ],
    "slow_down_layer_time": [
        "2"
    ],
    "slow_down_min_speed": [
        "10"
    ],
    "temperature_vitrification": [
        "76"
    ],
    "textured_plate_temp": [
        "60"
    ],
    "textured_plate_temp_initial_layer": [
        "60"
    ]
}