{
    "type": "filament",
    "name": "Fiberon PETG-rCF @base",
    "inherits": "fdm_filament_pet",
    "from": "system",
    "filament_id": "OGFL55",
    "instantiation": "false",
    "cool_plate_temp": [
        "0"
    ],
    "cool_plate_temp_initial_layer": [
        "0"
    ],
    "eng_plate_temp": [
        "70"
    ],
    "eng_plate_temp_initial_layer": [
        "70"
    ],
    "fan_cooling_layer_time": [
        "12"
    ],
    "fan_min_speed": [
        "0"
    ],
    "filament_cost": [
        "39.99"
    ],
    "filament_density": [
        "1.3"
    ],
    "filament_flow_ratio": [
        "0.95"
    ],
    "filament_max_volumetric_speed": [
        "12"
    ],
    "filament_type": [
        "PETG-CF"
    ],
    "filament_vendor": [
        "Polymaker"
    ],
    "hot_plate_temp": [
        "70"
    ],
    "hot_plate_temp_initial_layer": [
        "70"
    ],
    "nozzle_temperature": [
        "270"
    ],
    "nozzle_temperature_initial_layer": [
        "270"
    ],
    "nozzle_temperature_range_high": [
        "270"
    ],
    "nozzle_temperature_range_low": [
        "240"
    ],
    "required_nozzle_HRC": [
        "40"
    ],
    "slow_down_layer_time": [
        "2"
    ],
    "slow_down_min_speed": [
        "10"
    ],
    "textured_plate_temp": [
        "70"
    ],
    "textured_plate_temp_initial_layer": [
        "70"
    ]
}