{
    "type": "filament",
    "name": "Panchroma PLA Silk @base",
    "inherits": "fdm_filament_pla",
    "from": "system",
    "filament_id": "OGFPM004",
    "instantiation": "false",
    "filament_cost": [
        "24.99"
    ],
    "filament_density": [
        "1.31"
    ],
    "filament_flow_ratio": [
        "0.98"
    ],
    "filament_vendor": [
        "Polymaker"
    ],
    "nozzle_temperature": [
        "230"
    ],
    "nozzle_temperature_initial_layer": [
        "230"
    ],
    "nozzle_temperature_range_high": [
        "240"
    ],
    "nozzle_temperature_range_low": [
        "190"
    ],
    "temperature_vitrification": [
        "58"
    ]
}