{
    "type": "filament",
    "name": "Panchroma PLA Stain @base",
    "inherits": "fdm_filament_pla",
    "from": "system",
    "filament_id": "OGFPM005",
    "instantiation": "false",
    "filament_cost": [
        "20.99"
    ],
    "filament_density": [
        "1.24"
    ],
    "filament_flow_ratio": [
        "0.95"
    ],
    "filament_vendor": [
        "Polymaker"
    ],
    "nozzle_temperature": [
        "230"
    ],
    "nozzle_temperature_initial_layer": [
        "230"
    ],
    "nozzle_temperature_range_high": [
        "240"
    ],
    "nozzle_temperature_range_low": [
        "190"
    ],
    "temperature_vitrification": [
        "59"
    ]
}