{
    "type": "filament",
    "name": "Polymaker HT-PLA @base",
    "inherits": "fdm_filament_pla",
    "from": "system",
    "filament_id": "OGFPM017",
    "instantiation": "false",
    "filament_cost": [
        "26.99"
    ],
    "filament_density": [
        "1.28"
    ],
    "filament_flow_ratio": [
        "0.98"
    ],
    "filament_max_volumetric_speed": [
        "16"
    ],
    "filament_vendor": [
        "Polymaker"
    ],
    "hot_plate_temp": [
        "65"
    ],
    "hot_plate_temp_initial_layer": [
        "65"
    ],
    "nozzle_temperature": [
        "220"
    ],
    "nozzle_temperature_initial_layer": [
        "220"
    ],
    "nozzle_temperature_range_high": [
        "230"
    ],
    "nozzle_temperature_range_low": [
        "210"
    ],
    "temperature_vitrification": [
        "60"
    ],
    "textured_plate_temp": [
        "65"
    ],
    "textured_plate_temp_initial_layer": [
        "65"
    ]
}