{
    "type": "filament",
    "name": "PolyLite PLA Pro @base",
    "inherits": "fdm_filament_pla",
    "from": "system",
    "filament_id": "OGFPM019",
    "instantiation": "false",
    "filament_cost": [
        "24.99"
    ],
    "filament_density": [
        "1.22"
    ],
    "filament_flow_ratio": [
        "0.95"
    ],
    "filament_max_volumetric_speed": [
        "16"
    ],
    "filament_vendor": [
        "Polymaker"
    ],
    "nozzle_temperature": [
        "220"
    ],
    "nozzle_temperature_initial_layer": [
        "220"
    ],
    "nozzle_temperature_range_high": [
        "220"
    ],
    "nozzle_temperature_range_low": [
        "190"
    ],
    "temperature_vitrification": [
        "62"
    ]
}