{
    "type": "machine",
    "name": "MyKlipper 0.2 nozzle",
    "inherits": "fdm_klipper_common",
    "from": "system",
    "setting_id": "GM002",
    "instantiation": "true",
    "printer_model": "Generic Klipper Printer",
    "nozzle_diameter": [
        "0.2"
    ],
    "max_layer_height": [
        "0.16"
    ],
    "min_layer_height": [
        "0.04"
    ],
    "printer_variant": "0.2",
    "printable_area": [
        "0x0",
        "250x0",
        "250x250",
        "0x250"
    ],
    "printable_height": "250"
}