{
    "type": "machine",
    "name": "MyKlipper 0.8 nozzle",
    "inherits": "fdm_klipper_common",
    "from": "system",
    "setting_id": "GM004",
    "instantiation": "true",
    "printer_model": "Generic Klipper Printer",
    "nozzle_diameter": [
        "0.8"
    ],
    "max_layer_height": [
        "0.6"
    ],
    "min_layer_height": [
        "0.2"
    ],
    "printer_variant": "0.8",
    "printable_area": [
        "0x0",
        "250x0",
        "250x250",
        "0x250"
    ],
    "printable_height": "250"
}