{
    "type": "machine_model",
    "name": "Generic Marlin Printer",
    "model_id": "my_marlin_01",
    "nozzle_diameter": "0.4",
    "machine_tech": "FFF",
    "family": "MyPrinter",
    "bed_model": "",
    "bed_texture": "orcaslicer_bed_texture.svg",
    "hotend_model": "",
    "default_materials": "Generic ABS @System;Generic PLA @System;Generic PLA-CF @System;Generic PETG @System;Generic TPU @System;Generic ASA @System;Generic PC @System;Generic PVA @System;Generic PA @System;Generic PA-CF @System"
}