{
    "type": "machine",
    "name": "MyMarlin 0.4 nozzle",
    "inherits": "fdm_machine_common",
    "from": "system",
    "setting_id": "GM001",
    "instantiation": "true",
    "printer_model": "Generic Marlin Printer",
    "gcode_flavor": "marlin",
    "machine_end_gcode": "G1 E-1.0 F2100 ; retract\nG92 E0.0\nG1{if max_layer_z < max_print_height} Z{z_offset+min(max_layer_z+30, max_print_height)}{endif} E-34.0 F720 ; move print head up & retract filament\nG4 ; wait\nM104 S0 ; turn off temperature\nM140 S0 ; turn off heatbed\nM107 ; turn off fan\nG1 X0 Y105 F3000 ; park print head\nM84 ; disable motors",
    "machine_start_gcode": "G90 ; use absolute coordinates\nM83 ; extruder relative mode\nM204 S[machine_max_acceleration_extruding] T[machine_max_acceleration_retracting]\nM104 S[first_layer_temperature] ; set extruder temp\nM140 S[first_layer_bed_temperature] ; set bed temp\nG28 ; home all\nG1 Y1.0 Z0.3 F1000 ; move print head up\nM190 S[first_layer_bed_temperature] ; wait for bed temp\nM109 S[first_layer_temperature] ; wait for extruder temp\nG92 E0.0\n; initial load\nG1 X205.0 E19 F1000\nG1 Y1.6\nG1 X5.0 E19 F1000\nG92 E0.0\n; intro line\nG1 Y2.0 Z0.2 F1000\nG1 X65.0 E9.0 F1000\nG1 X105.0 E12.5 F1000\nG92 E0.0",
    "max_layer_height": [
        "0.32"
    ],
    "retraction_length": [
        "0.9"
    ],
    "retraction_minimum_travel": [
        "1"
    ],
    "retraction_speed": [
        "45"
    ],
    "deretraction_speed": [
        "35"
    ],
    "wipe": [
        "0"
    ],
    "z_hop": [
        "0.4"
    ],
    "nozzle_diameter": [
        "0.4"
    ],
    "printable_area": [
        "0x0",
        "250x0",
        "250x250",
        "0x250"
    ],
    "printable_height": "250"
}