{
    "type": "machine",
    "name": "MyToolChanger 0.2 nozzle",
    "inherits": "fdm_toolchanger_common",
    "from": "system",
    "setting_id": "GM_CUSTOM_001",
    "instantiation": "true",
    "printer_model": "Generic ToolChanger Printer",
    "nozzle_diameter": [
        "0.2",
        "0.2",
        "0.2",
        "0.2",
        "0.2"
    ],
    "max_layer_height": [
        "0.16"
    ],
    "min_layer_height": [
        "0.04"
    ],
    "printer_variant": "0.2",
    "printable_area": [
        "0x0",
        "350x0",
        "350x350",
        "0x350"
    ],
    "printable_height": "300"
}