{
    "type": "machine",
    "name": "MyToolChanger 0.8 nozzle",
    "inherits": "fdm_toolchanger_common",
    "from": "system",
    "setting_id": "GM_CUSTOM_004",
    "instantiation": "true",
    "printer_model": "Generic ToolChanger Printer",
    "nozzle_diameter": [
        "0.8",
        "0.8",
        "0.8",
        "0.8",
        "0.8"
    ],
    "max_layer_height": [
        "0.6"
    ],
    "min_layer_height": [
        "0.2"
    ],
    "printer_variant": "0.8",
    "printable_area": [
        "0x0",
        "350x0",
        "350x350",
        "0x350"
    ],
    "printable_height": "300"
}