{
    "type": "machine",
    "name": "MyToolChanger 0.4 nozzle",
    "inherits": "fdm_toolchanger_common",
    "from": "system",
    "setting_id": "GM_CUSTOM_002",
    "instantiation": "true",
    "printer_model": "Generic ToolChanger Printer",
    "nozzle_diameter": [
        "0.4",
        "0.4",
        "0.4",
        "0.4",
        "0.4"
    ],
    "printer_variant": "0.4",
    "printable_area": [
        "0x0",
        "350x0",
        "350x350",
        "0x350"
    ],
    "printable_height": "300"
}