{
    "type": "machine",
    "name": "MyToolChanger 0.6 nozzle",
    "inherits": "fdm_toolchanger_common",
    "from": "system",
    "setting_id": "GM_CUSTOM_003",
    "instantiation": "true",
    "printer_model": "Generic ToolChanger Printer",
    "nozzle_diameter": [
        "0.6",
        "0.6",
        "0.6",
        "0.6",
        "0.6"
    ],
    "max_layer_height": [
        "0.4"
    ],
    "min_layer_height": [
        "0.12"
    ],
    "printer_variant": "0.6",
    "printable_area": [
        "0x0",
        "350x0",
        "350x350",
        "0x350"
    ],
    "printable_height": "300"
}