{
    "type": "filament",
    "name": "fdm_filament_tpu",
    "inherits": "fdm_filament_common",
    "from": "system",
    "instantiation": "false",
    "additional_cooling_fan_speed": [
        "70"
    ],
    "close_fan_the_first_x_layers": [
        "1"
    ],
    "supertack_plate_temp": [
        "0"
    ],
    "supertack_plate_temp_initial_layer": [
        "0"
    ],
    "cool_plate_temp": [
        "30"
    ],
    "cool_plate_temp_initial_layer": [
        "30"
    ],
    "eng_plate_temp": [
        "30"
    ],
    "eng_plate_temp_initial_layer": [
        "30"
    ],
    "fan_cooling_layer_time": [
        "100"
    ],
    "fan_min_speed": [
        "100"
    ],
    "filament_cost": [
        "20"
    ],
    "filament_density": [
        "1.24"
    ],
    "filament_max_volumetric_speed": [
        "3.2"
    ],
    "filament_retraction_length": [
        "0.4"
    ],
    "filament_type": [
        "TPU"
    ],
    "hot_plate_temp": [
        "35"
    ],
    "hot_plate_temp_initial_layer": [
        "35"
    ],
    "nozzle_temperature": [
        "240"
    ],
    "nozzle_temperature_initial_layer": [
        "240"
    ],
    "nozzle_temperature_range_high": [
        "250"
    ],
    "nozzle_temperature_range_low": [
        "200"
    ],
    "reduce_fan_stop_start_freq": [
        "1"
    ],
    "temperature_vitrification": [
        "30"
    ],
    "textured_plate_temp": [
        "35"
    ],
    "textured_plate_temp_initial_layer": [
        "35"
    ]
}