{
    "type": "filament",
    "name": "fdm_filament_pet",
    "inherits": "fdm_filament_common",
    "from": "system",
    "filament_id": "OGFG99",
    "instantiation": "false",
    "eng_plate_temp": [
        "0"
    ],
    "eng_plate_temp_initial_layer": [
        "0"
    ],
    "fan_cooling_layer_time": [
        "20"
    ],
    "fan_min_speed": [
        "20"
    ],
    "filament_cost": [
        "30"
    ],
    "filament_density": [
        "1.27"
    ],
    "filament_max_volumetric_speed": [
        "12"
    ],
    "filament_type": [
        "PETG"
    ],
    "hot_plate_temp": [
        "80"
    ],
    "hot_plate_temp_initial_layer": [
        "80"
    ],
    "nozzle_temperature": [
        "255"
    ],
    "nozzle_temperature_initial_layer": [
        "255"
    ],
    "nozzle_temperature_range_high": [
        "260"
    ],
    "nozzle_temperature_range_low": [
        "220"
    ],
    "reduce_fan_stop_start_freq": [
        "1"
    ],
    "supertack_plate_temp": [
        "70"
    ],
    "supertack_plate_temp_initial_layer": [
        "70"
    ],
    "temperature_vitrification": [
        "70"
    ],
    "textured_plate_temp": [
        "80"
    ],
    "textured_plate_temp_initial_layer": [
        "80"
    ]
}